query,truth,response
Is Zipcode 14610 adjacent to and southeast of Zipcode 14445?,no,no
The State of Iowa contains Zipcode 51014 correct?,yes,no
Is Zipcode 98277 adjacent to and southeast of Zipcode 98278?,yes,no
Is Zipcode 62546 northeast of Zipcode 62560?,yes,yes
Is Zipcode 27893 adjacent to and east of Zipcode 27873?,no,no
Is Zipcode 98394 adjacent to and south of Zipcode 98349?,no,no
Is Zipcode 30802 adjacent to and southwest of Zipcode 30824?,no,no
Is Zipcode 78150 southwest of Zipcode 78108?,yes,yes
Is Zipcode 70525 adjacent to and south of Zipcode 70578?,no,no
Is Zipcode 63134 adjacent to and west of Zipcode 63074?,no,no
Is Zipcode 54457 east of Zipcode 54466?,yes,no
Door County Wisconsin intersects with Zipcode 54217 correct?,yes,no
Is Zipcode 01746 adjacent to and north of Zipcode 01721?,no,no
Is Trumbull County Ohio north of Zipcode 44511?,yes,no
The State of Iowa contains Zipcode 52322 correct?,yes,no
Is Westmoreland County Pennsylvania southwest of Zipcode 15773?,yes,no
Is Zipcode 28343 adjacent to and south of Zipcode 29570?,no,no
Is Zipcode 70806 adjacent to and southeast of Zipcode 70809?,no,no
Is Zipcode 92260 adjacent to and east of Zipcode 92210?,no,no
The State of West Virginia contains Zipcode 24888 correct?,yes,yes
Is Zipcode 95765 northwest of Zipcode 95746?,yes,yes
Is Zipcode 26801 adjacent to and northeast of Zipcode 26812?,yes,no
Is Quebradillas Municipio Puerto Rico adjacent to and southeast of Zipcode 00627?,no,no
Is Zipcode 75491 adjacent to and southwest of Zipcode 75439?,yes,no
Is Zipcode 74136 adjacent to and northeast of Zipcode 74037?,yes,yes
San Bernardino County California has no common ground with Zipcode 92373 correct?,no,no
Is Zipcode 94555 adjacent to and northwest of Zipcode 94560?,yes,no
The State of Virginia contains Zipcode 24221 correct?,yes,no
Evangeline Parish Louisiana has no common ground with Zipcode 70535 correct?,no,no
Is Zipcode 12451 northeast of Zipcode 12463?,yes,yes
Is Zipcode 54635 west of Zipcode 54754?,yes,no
Is Zipcode 16340 northwest of Zipcode 16405?,no,yes
Is Barron County Wisconsin northeast of Zipcode 54867?,no,no
Is Zipcode 78747 adjacent to and west of Zipcode 78719?,yes,no
Is Cullman County Alabama east of Zipcode 35951?,no,yes
Is Zipcode 18346 adjacent to and west of Zipcode 18344?,yes,no
Hennepin County Minnesota is inside of Zipcode 55422 correct?,no,no
Is Zipcode 97068 adjacent to and southwest of Zipcode 97070?,no,no
Is Cabell County West Virginia adjacent to and southeast of Lincoln County West Virginia?,no,no
Is Zipcode 38828 adjacent to and south of Zipcode 38869?,no,yes
Is Zipcode 95329 adjacent to and northeast of Zipcode 95305?,no,no
Is Zipcode 81025 adjacent to and south of Zipcode 80864?,yes,no
Is Park County Montana southeast of Broadwater County Montana?,yes,yes
Is Zipcode 22830 southeast of Zipcode 22834?,no,no
Is Zipcode 52345 adjacent to and northeast of Zipcode 52352?,no,yes
Is Zipcode 32751 adjacent to and south of Zipcode 32701?,yes,no
Is Zipcode 57029 adjacent to and southeast of Zipcode 57070?,no,no
Is Zipcode 75462 adjacent to and south of Zipcode 75450?,no,yes
Is McCulloch County Texas northeast of Zipcode 76801?,no,no
Is Shenandoah County Virginia north of Zipcode 26808?,no,no
Is DuPage County Illinois southeast of Zipcode 60465?,no,no
Is Zipcode 66748 adjacent to and west of Zipcode 66732?,yes,no
Is Clinton County Pennsylvania southwest of Zipcode 17739?,yes,no
Is Zipcode 28435 east of Zipcode 28423?,yes,no
Is The State of Washington adjacent to and northeast of Zipcode 97211?,yes,no
Is Zipcode 01083 northeast of Zipcode 01535?,no,no
Is Zipcode 22620 adjacent to and northwest of Zipcode 22646?,no,no
The State of California contains Zipcode 91105 correct?,yes,no
Is Zipcode 21678 adjacent to and east of Zipcode 21645?,no,no
Is Zipcode 95636 northwest of Zipcode 95223?,yes,no
Is Zipcode 07974 east of Zipcode 07092?,no,yes
Is Bond County Illinois southeast of Zipcode 62069?,yes,no
Dodge County Minnesota intersects with Zipcode 55944 correct?,yes,no
Is Zipcode 71405 adjacent to and southeast of Zipcode 71360?,no,no
Roane County West Virginia has no common ground with Zipcode 25071 correct?,no,yes
Is Zipcode 83522 adjacent to and northeast of Zipcode 83533?,no,yes
Is Zipcode 23313 adjacent to and north of Zipcode 23310?,no,no
Is Zipcode 90037 adjacent to and west of Zipcode 90062?,no,no
Is Zipcode 23917 east of Zipcode 23950?,no,no
Is Hardee County Florida east of Zipcode 33598?,yes,no
Is Zipcode 19707 adjacent to and west of Zipcode 19807?,yes,no
Is Zipcode 16640 adjacent to and southeast of Zipcode 15753?,yes,no
Is Zipcode 04841 adjacent to and north of Zipcode 04856?,no,no
Albany County New York intersects with Zipcode 12304 correct?,yes,yes
Is Zipcode 18914 northwest of Zipcode 18962?,no,yes
Is Ontario County New York east of Zipcode 14423?,yes,no
San Juan County Utah has no common ground with Zipcode 84535 correct?,no,no
Is Zipcode 08080 adjacent to and north of Zipcode 08028?,yes,no
Is Zipcode 54830 adjacent to and northwest of Zipcode 55712?,no,yes
The State of Georgia contains Zipcode 30317 correct?,yes,no
Is Zipcode 92010 adjacent to and west of Zipcode 92078?,yes,no
Is Windham County Connecticut adjacent to and east of Providence County Rhode Isl?,no,yes
The State of New Mexico contains Zipcode 87322 correct?,yes,no
Is Oneida County New York southeast of Zipcode 13320?,no,yes
Is Leavenworth County Kansas west of Zipcode 64053?,yes,yes
Is Zipcode 58492 adjacent to and north of Zipcode 58481?,yes,no
Is Zipcode 49643 adjacent to and northwest of Zipcode 49650?,no,yes
Is Zipcode 76270 adjacent to and east of Zipcode 76230?,yes,no
Is Tulare County California southeast of Zipcode 93727?,yes,yes
Is Zipcode 74075 east of Zipcode 74085?,no,yes
Is Zipcode 43061 adjacent to and southwest of Zipcode 43064?,no,no
Is Zipcode 53034 adjacent to and northwest of Zipcode 53059?,yes,no
Is Zipcode 37869 northwest of Zipcode 24281?,no,no
Is Zipcode 14091 west of Zipcode 14168?,no,yes
Is Charlevoix County Michigan adjacent to and west of Zipcode 49799?,yes,no
Is Shannon County Missouri southwest of Zipcode 63633?,yes,yes
Is Zipcode 18109 northeast of Zipcode 18064?,no,yes
Is The State of Illinois southwest of Zipcode 63117?,no,no
Is Zipcode 38028 adjacent to and east of Zipcode 38060?,no,no
Is Zipcode 77656 adjacent to and south of Zipcode 77616?,yes,no
Is Zipcode 64644 adjacent to and north of Zipcode 64640?,no,no
Eaton County Michigan has no common ground with Zipcode 48837 correct?,no,yes
Is Zipcode 95439 east of Zipcode 95404?,no,yes
Is Zipcode 25119 adjacent to and northeast of Zipcode 25152?,no,no
Is Zipcode 43901 southeast of Zipcode 43935?,no,yes
Is Chaves County New Mexico northeast of Zipcode 88350?,yes,no
Is Zipcode 19009 east of Zipcode 19090?,yes,no
Is Zipcode 56169 adjacent to and southwest of Zipcode 56157?,yes,no
Is Clinton County Missouri northeast of Zipcode 64079?,yes,no
Is Audrain County Missouri west of Zipcode 63381?,yes,no
Trempealeau County Wisconsin is inside of Zipcode 54625 correct?,no,yes
Is The State of West Virginia west of Zipcode 21713?,yes,no
Is Zipcode 71038 adjacent to and northeast of Zipcode 71749?,no,no
Is Zipcode 62422 adjacent to and southeast of Zipcode 62414?,no,yes
Is Zipcode 42324 northeast of Zipcode 42273?,no,yes
Is Zipcode 60020 adjacent to and northeast of Zipcode 60051?,yes,no
Is Zipcode 45102 northeast of Zipcode 41007?,yes,no
Is Zipcode 50632 adjacent to and south of Zipcode 50173?,no,no
Is Randolph County Indiana adjacent to and north of Jay County Indiana?,no,yes
Is Pike County Georgia adjacent to and west of Lamar County Georgia?,yes,yes
Is San Mateo County California east of Zipcode 95132?,no,no
Is Zipcode 19128 southeast of Zipcode 19462?,yes,no
The State of Alabama is inside of Zipcode 36319 correct?,no,no
Is Zipcode 25134 southeast of Zipcode 25083?,no,no
Santa Barbara County California has no common ground with Zipcode 93458 correct?,no,yes
Inyo County California contains Zipcode 93530 correct?,yes,yes
Is Zipcode 97385 west of Zipcode 97358?,yes,yes
Is Zipcode 57050 adjacent to and northeast of Zipcode 57042?,yes,no
Is Zipcode 27551 adjacent to and southwest of Zipcode 27589?,no,no
Is Zipcode 54937 adjacent to and southeast of Zipcode 54979?,yes,no
Pittsburg County Oklahoma is inside of Zipcode 74554 correct?,no,no
Is Mason County Kentucky northwest of Zipcode 45120?,no,no
Is Zipcode 87068 northwest of Zipcode 87121?,no,no
Is Zipcode 12444 adjacent to and west of Zipcode 12452?,no,no
Is Jasper County Illinois west of Zipcode 62451?,yes,yes
Is Zipcode 60561 southeast of Zipcode 60532?,yes,no
Is Zipcode 24015 east of Zipcode 24153?,yes,no
Is Zipcode 37716 adjacent to and east of Zipcode 37710?,yes,no
Is Zipcode 46733 adjacent to and southwest of Zipcode 46773?,yes,yes
Is Zipcode 47141 adjacent to and west of Zipcode 47163?,no,no
Is Zipcode 02632 adjacent to and east of Zipcode 02601?,no,no
Is Zipcode 33067 southeast of Zipcode 33069?,no,no
Is Chambers County Texas east of Zipcode 77530?,yes,no
Is Zipcode 27529 southwest of Zipcode 27591?,yes,no
Is Zipcode 68763 adjacent to and west of Zipcode 68766?,yes,no
Is Fairfield County Connecticut west of Zipcode 07675?,no,no
Is Tuscarawas County Ohio southeast of Zipcode 43977?,no,no
Is Montmorency County Michigan adjacent to and east of Zipcode 49753?,no,no
Is Chester County Pennsylvania east of Zipcode 19113?,no,yes
Is Zipcode 03579 adjacent to and west of Zipcode 04970?,yes,no
Is Zipcode 45679 adjacent to and north of Zipcode 45133?,no,no
Is Zipcode 61517 adjacent to and northwest of Zipcode 61451?,no,no
Is Zipcode 56177 adjacent to and west of Zipcode 56144?,no,no
Is Zipcode 50703 adjacent to and south of Zipcode 50707?,no,yes
Is Zipcode 18414 adjacent to and north of Zipcode 18411?,yes,no
Is Harlan County Kentucky adjacent to and west of The State of Virginia?,yes,no
Is Zipcode 41535 north of Zipcode 41543?,yes,no
Is San Luis Obispo County California east of Zipcode 93276?,no,yes
Is The State of Texas northeast of Zipcode 73061?,no,no
Is The State of South Dakota adjacent to and southeast of Zipcode 58651?,yes,no
Is Zipcode 47265 adjacent to and west of Zipcode 47223?,yes,yes
Is Zipcode 34105 adjacent to and east of Zipcode 34103?,yes,no
Beltrami County Minnesota contains Zipcode 56670 correct?,yes,yes
Oxford County Maine contains Zipcode 04022 correct?,yes,no
Is Park County Colorado adjacent to and southwest of Zipcode 81201?,no,no
Is The State of Kentucky south of Zipcode 47022?,yes,no
Is Zipcode 12833 adjacent to and west of Zipcode 12831?,yes,no
Fresno County California contains Zipcode 93710 correct?,yes,yes
Is Fresno County California northwest of Zipcode 93256?,yes,no
Is Archer County Texas southwest of The State of Oklahoma?,yes,no
Is Zipcode 99605 adjacent to and east of Zipcode 99587?,no,yes
Is Itawamba County Mississippi adjacent to and west of Zipcode 35593?,yes,no
Daggett County Utah is inside of Zipcode 84023 correct?,no,yes
Is Zipcode 56122 adjacent to and northeast of Zipcode 56172?,no,no
Is The State of Iowa adjacent to and southeast of Zipcode 63535?,no,no
Is Zipcode 43130 adjacent to and southeast of Zipcode 43110?,yes,yes
Is Zipcode 70092 adjacent to and northwest of Zipcode 70085?,yes,no
Is Knox County Maine east of Zipcode 04571?,yes,no
Berkeley County South Carolina intersects with Zipcode 29456 correct?,yes,no
Is Allegan County Michigan northwest of Zipcode 49009?,yes,yes
Is The State of Virginia northeast of Zipcode 21216?,no,no
Is Metcalfe County Kentucky adjacent to and west of Adair County Kentucky?,yes,no
Is Zipcode 37857 southeast of Zipcode 37681?,no,yes
Is Zipcode 72471 adjacent to and southeast of Zipcode 72469?,yes,no
Is Mineral County Montana west of Zipcode 83837?,no,yes
Is Zipcode 61422 adjacent to and southwest of Zipcode 61470?,yes,no
Is Zipcode 49442 adjacent to and east of Zipcode 49440?,yes,no
Is Zipcode 25840 adjacent to and southwest of Zipcode 25917?,no,yes
Is Zipcode 48161 northeast of Zipcode 48166?,no,no
Is Zipcode 76943 adjacent to and southwest of Zipcode 76936?,yes,no
Clayton County Georgia intersects with Zipcode 30215 correct?,yes,no
Wexford County Michigan intersects with Zipcode 49633 correct?,yes,no
Is Zipcode 62890 adjacent to and southwest of Zipcode 62951?,no,no
Is Zipcode 15243 adjacent to and south of Zipcode 15241?,no,no
Pitt County North Carolina has no common ground with Zipcode 28513 correct?,no,no
Sangamon County Illinois is inside of Zipcode 62561 correct?,no,no
Cavalier County North Dakota has no common ground with Zipcode 58372 correct?,no,yes
Is Zipcode 11234 northeast of Zipcode 11208?,no,no
Is Zipcode 25063 adjacent to and west of Zipcode 25113?,no,no
Is Sussex County Delaware adjacent to and west of Caroline County Maryl?,no,yes
Is Zipcode 12871 adjacent to and west of Zipcode 12834?,yes,yes
Is Zipcode 46168 adjacent to and northwest of Zipcode 46113?,yes,yes
Is Wagoner County Oklahoma southeast of Zipcode 74129?,yes,yes
Is Zipcode 57772 adjacent to and north of Zipcode 57780?,no,yes
Is Zipcode 54557 adjacent to and southeast of Zipcode 54512?,no,no
Is Zipcode 26591 adjacent to and east of Zipcode 26554?,no,no
Is Zipcode 55113 adjacent to and southeast of Zipcode 55112?,yes,no
Is Zipcode 46254 adjacent to and northwest of Zipcode 46222?,yes,no
Is Tyler County West Virginia adjacent to and east of Zipcode 45767?,yes,no
Is The State of Illinois northwest of Zipcode 42404?,yes,no
Is Zipcode 64427 adjacent to and south of Zipcode 64423?,yes,no
Is Zipcode 67563 adjacent to and north of Zipcode 67109?,yes,no
Is Zipcode 66052 southeast of Zipcode 66061?,no,no
Is Grafton County New Hampshire west of Zipcode 05070?,no,yes
Is Zipcode 29169 adjacent to and west of Zipcode 29201?,yes,no
The State of Illinois contains Zipcode 62266 correct?,yes,no
Is Zipcode 65740 adjacent to and southwest of Zipcode 65616?,no,no
Koochiching County Minnesota is inside of Zipcode 55772 correct?,no,no
Marathon County Wisconsin has no common ground with Zipcode 54488 correct?,no,yes
The State of California is inside of Zipcode 93291 correct?,no,no
Is Zipcode 56663 adjacent to and east of Zipcode 56601?,yes,no
The State of Montana is inside of Zipcode 59727 correct?,no,no
Is Zipcode 76642 adjacent to and north of Zipcode 76687?,yes,no
Is Sumner County Kansas adjacent to and southeast of Zipcode 74647?,no,no
Is Zipcode 71937 adjacent to and west of Zipcode 71972?,yes,no
Is Zipcode 71118 adjacent to and east of Zipcode 71106?,no,no
Is Saint Charles Parish Louisiana southeast of Plaquemines Parish Louisiana?,no,yes
Is Mendocino County California adjacent to and southeast of Sonoma County California?,no,no
Is The State of Washington southwest of Zipcode 97229?,no,no
Is Zipcode 58716 adjacent to and west of Zipcode 58759?,no,no
The State of Illinois contains Zipcode 60201 correct?,yes,yes
Is Pinellas County Florida east of Zipcode 33606?,no,yes
Is Zipcode 22728 adjacent to and south of Zipcode 20187?,yes,no
Is Zipcode 54547 northwest of Zipcode 54559?,no,no
Is Zipcode 04864 southeast of Zipcode 04858?,no,no
Is Zipcode 57436 adjacent to and southwest of Zipcode 57348?,no,no
Crawford County Illinois contains Zipcode 62454 correct?,yes,no
Is Zipcode 10579 adjacent to and south of Zipcode 10547?,no,no
Is Zipcode 80470 adjacent to and west of Zipcode 80448?,no,yes
Is The State of Louisiana southwest of Zipcode 39323?,yes,no
Is White County Arkansas northwest of Zipcode 72530?,no,yes
Is Zipcode 37373 south of Zipcode 37341?,no,no
Is Zipcode 27562 adjacent to and northeast of Zipcode 27502?,no,no
Is Zipcode 53017 adjacent to and west of Zipcode 53022?,yes,no
Is Westchester County New York southwest of Zipcode 10032?,no,no
Is Upshur County West Virginia southeast of Zipcode 26273?,no,no
Is The State of Michigan southwest of Zipcode 60026?,no,no
Is Zipcode 60532 adjacent to and west of Zipcode 60563?,no,no
The State of Ohio contains Zipcode 44481 correct?,yes,yes
Is The State of Louisiana adjacent to and northeast of Zipcode 39180?,no,no
Is Russell County Virginia west of Zipcode 24279?,no,yes
Is Zipcode 75039 adjacent to and west of Zipcode 75038?,no,no
Is Henderson County Kentucky northeast of Zipcode 42459?,yes,yes
The State of North Carolina is inside of Zipcode 27053 correct?,no,no
Ionia County Michigan has no common ground with Zipcode 48861 correct?,no,yes
Curry County New Mexico intersects with Zipcode 88135 correct?,yes,no
Is Amherst County Virginia southwest of Zipcode 24556?,no,yes
Is Columbia County New York adjacent to and north of Dutchess County New York?,yes,no
Is Zipcode 01468 northeast of Zipcode 01366?,yes,no
Is Zipcode 07722 adjacent to and east of Zipcode 07746?,yes,yes
Is Zipcode 75758 adjacent to and west of Zipcode 75756?,no,no
Ballard County Kentucky is inside of Zipcode 42087 correct?,no,no
Is Zipcode 82729 south of Zipcode 82711?,yes,no
Is Norfolk County Massachusetts adjacent to and northeast of Zipcode 02124?,no,no
Is Zipcode 80112 east of Zipcode 80138?,no,no
Is Zipcode 64164 adjacent to and south of Zipcode 64154?,no,yes
Is Zipcode 30173 northwest of Zipcode 30165?,no,no
Is Saint Martin Parish Louisiana southwest of Zipcode 70513?,no,yes
Reeves County Texas contains Zipcode 79785 correct?,yes,no
Is Jefferson County Illinois east of The State of Kentucky?,no,no
Is Meeker County Minnesota adjacent to and east of Zipcode 55321?,no,yes
Is Zipcode 10516 adjacent to and south of Zipcode 10524?,no,no
Is Zipcode 79024 adjacent to and west of Zipcode 79034?,yes,yes
Is Zipcode 35125 adjacent to and west of Zipcode 35135?,yes,yes
Is Lafourche Parish Louisiana adjacent to and southeast of Saint James Parish Louisiana?,yes,no
The State of Arkansas contains Zipcode 72137 correct?,yes,yes
Is Zipcode 50458 adjacent to and southeast of Zipcode 50467?,yes,no
Is Allegany County New York adjacent to and south of Zipcode 16748?,no,no
Is Stanly County North Carolina southwest of Zipcode 28104?,no,yes
Is Zipcode 16314 adjacent to and west of Zipcode 16316?,no,no
Is Zipcode 59078 adjacent to and west of Zipcode 59036?,no,no
Is Zipcode 76104 southwest of Zipcode 76109?,no,no
Is Zipcode 10154 northeast of Zipcode 10169?,yes,yes
The State of Illinois is inside of Zipcode 60922 correct?,no,no
The State of Delaware is inside of Zipcode 19960 correct?,no,no
Is Wood County Ohio adjacent to and south of Zipcode 43614?,yes,yes
Is Zipcode 12203 east of Zipcode 12204?,no,no
Is Montgomery County Texas southeast of Zipcode 77044?,no,no
Is Zipcode 07843 west of Zipcode 07885?,yes,no
Is Terrell County Georgia east of Zipcode 39836?,yes,no
Is Zipcode 20612 adjacent to and east of Zipcode 20637?,yes,no
Is Lawrence County Ohio northeast of Zipcode 41121?,yes,no
The State of California is inside of Zipcode 93432 correct?,no,no
Is Zipcode 53210 adjacent to and west of Zipcode 53222?,no,no
Is Zipcode 56303 adjacent to and south of Zipcode 56301?,no,no
Is Zipcode 57648 adjacent to and southwest of Zipcode 58573?,yes,yes
Is Zipcode 00959 adjacent to and south of Zipcode 00956?,no,no
Is Zipcode 58056 adjacent to and southeast of Zipcode 58063?,no,no
Is Zipcode 43008 adjacent to and northwest of Zipcode 43025?,no,no
Is Hudson County New Jersey adjacent to and northeast of Zipcode 07201?,yes,yes
Is Zipcode 21562 southeast of Zipcode 26710?,no,no
Is Zipcode 61027 northeast of Zipcode 61062?,yes,yes
Macoupin County Illinois contains Zipcode 62674 correct?,yes,no
Is Zipcode 62959 southwest of Zipcode 62958?,no,no
Is Zipcode 99130 adjacent to and northwest of Zipcode 99158?,no,yes
Is The State of Alabama northwest of Zipcode 32431?,yes,no
Is Zipcode 25427 adjacent to and east of Zipcode 25419?,no,yes
Is Breckinridge County Kentucky west of Zipcode 42351?,no,no
Is Gentry County Missouri adjacent to and north of DeKalb County Missouri?,yes,no
Is Macon County Missouri west of Zipcode 63468?,yes,yes
The State of California contains Zipcode 95321 correct?,yes,yes
Is Zipcode 38255 adjacent to and east of Zipcode 38233?,yes,no
Is Brunswick County North Carolina northwest of Zipcode 28450?,no,no
Huntingdon County Pennsylvania intersects with Zipcode 16657 correct?,yes,yes
Is Zipcode 20147 adjacent to and west of Zipcode 20165?,yes,no
Conway County Arkansas has no common ground with Zipcode 72013 correct?,no,yes
Is Zipcode 13827 east of Zipcode 14892?,yes,no
Is Zipcode 21561 southwest of Zipcode 21532?,yes,no
Is Zipcode 68733 southeast of Zipcode 68067?,no,no
Is Zipcode 33919 northwest of Zipcode 33993?,no,yes
Is Zipcode 05674 southeast of Zipcode 05487?,yes,yes
Is Oconee County Georgia east of Zipcode 30620?,yes,yes
Is The State of Missouri adjacent to and southeast of Zipcode 68414?,yes,no
Is Zipcode 28337 adjacent to and west of Zipcode 28392?,no,no
Is Zipcode 20175 southwest of Zipcode 20118?,no,no
Is Johnson County Illinois adjacent to and southwest of Pulaski County Illinois?,no,no
Is Breathitt County Kentucky east of Zipcode 41265?,no,no
Is Johnston County North Carolina east of Zipcode 27893?,no,yes
Is Zipcode 88349 west of Zipcode 88310?,no,no
Is Manassas Park city Virginia east of Zipcode 22152?,no,no
Is Zipcode 63044 adjacent to and west of Zipcode 63134?,yes,no
Is Zipcode 67554 adjacent to and southwest of Zipcode 67512?,no,no
Is Zipcode 86337 adjacent to and east of Zipcode 86411?,yes,no
Is Zipcode 28712 north of Zipcode 28716?,no,no
Is Zipcode 58081 northeast of Zipcode 58013?,yes,no
Is Zipcode 59631 adjacent to and north of Zipcode 59701?,yes,no
The State of Oklahoma is inside of Zipcode 74553 correct?,no,no
Is Zipcode 44511 adjacent to and north of Zipcode 44509?,no,no
Is Zipcode 28405 adjacent to and southwest of Zipcode 28411?,yes,no
Is Okeechobee County Florida east of Zipcode 33825?,yes,no
Is Roosevelt County Montana adjacent to and east of Valley County Montana?,yes,no
Is Zipcode 74042 adjacent to and northwest of Zipcode 74301?,yes,no
Is Zipcode 37340 northwest of Zipcode 30757?,yes,no
The State of Louisiana contains Zipcode 70774 correct?,yes,yes
Is Zipcode 30820 southeast of Zipcode 30434?,no,no
Is Zipcode 45350 adjacent to and east of Zipcode 45348?,yes,yes
Is Clark County Missouri northeast of Zipcode 52627?,no,no
Is Zipcode 14476 adjacent to and north of Zipcode 14470?,yes,no
Is Newberry County South Carolina east of Zipcode 29692?,yes,no
Taylor County Texas intersects with Zipcode 79567 correct?,yes,no
Is Sandoval County New Mexico northeast of Zipcode 87566?,no,no
The State of Mississippi contains Zipcode 39117 correct?,yes,no
Is The State of West Virginia northwest of Zipcode 22949?,yes,no
Is The State of Virginia northeast of Zipcode 21037?,no,no
Is Zipcode 20882 adjacent to and north of Zipcode 21771?,no,no
Is Zipcode 23602 adjacent to and east of Zipcode 23693?,no,yes
Is Renville County Minnesota northwest of Zipcode 56054?,yes,no
The State of Illinois contains Zipcode 62940 correct?,yes,no
Is Zipcode 94901 adjacent to and north of Zipcode 94925?,yes,no
Is Hillsborough County New Hampshire east of Zipcode 03455?,yes,no
Hamilton County Ohio contains Zipcode 45240 correct?,yes,yes
Is Carson County Texas southeast of Zipcode 79078?,yes,no
Is Zipcode 63827 adjacent to and north of Zipcode 63848?,no,yes
Is Zipcode 53048 adjacent to and northwest of Zipcode 53006?,no,no
Is Zipcode 23235 adjacent to and northeast of Zipcode 23226?,no,no
Is New Madrid County Missouri adjacent to and west of Zipcode 63837?,no,no
Is Zipcode 61567 southeast of Zipcode 61543?,yes,no
Is Zipcode 64040 adjacent to and north of Zipcode 64076?,no,no
Is Zipcode 63878 southwest of Zipcode 63862?,yes,no
Is Powell County Kentucky adjacent to and southwest of Estill County Kentucky?,no,no
Shiawassee County Michigan has no common ground with Zipcode 48840 correct?,no,no
Is Zipcode 17271 adjacent to and southwest of Zipcode 17221?,no,no
Is Zipcode 53168 adjacent to and southeast of Zipcode 53105?,yes,no
Is Zipcode 20674 south of Zipcode 20692?,yes,no
Is Zipcode 75134 adjacent to and southwest of Zipcode 75241?,yes,no
Is Zipcode 48519 adjacent to and east of Zipcode 48529?,yes,no
Is Leslie County Kentucky northwest of Zipcode 41314?,no,no
Is Zipcode 71418 southwest of Zipcode 71465?,no,no
Van Zandt County Texas contains Zipcode 75754 correct?,yes,no
The State of District of Columbia is inside of Zipcode 20553 correct?,no,no
Is Lawrence County South Dakota adjacent to and west of Zipcode 82712?,no,no
Is Zipcode 29651 adjacent to and southwest of Zipcode 29650?,no,yes
Cumberland County Maine is inside of The State of Maine correct?,yes,yes
Is Zipcode 38112 west of Zipcode 38105?,no,no
Is Kenton County Kentucky adjacent to and south of Grant County Kentucky?,no,no
Is Zipcode 07834 northwest of Zipcode 07927?,yes,no
Is Newport News city Virginia northwest of Zipcode 23511?,yes,no
Is Zipcode 12401 adjacent to and southeast of Zipcode 12417?,no,no
Is Zipcode 53221 adjacent to and west of Zipcode 53220?,no,yes
Is Zipcode 35541 adjacent to and north of Zipcode 35504?,yes,yes
Is Ritchie County West Virginia northwest of Zipcode 26134?,no,yes
Benton County Arkansas is inside of Zipcode 72747 correct?,no,yes
The State of Washington contains Zipcode 98315 correct?,yes,no
Is Indiana County Pennsylvania east of Zipcode 16668?,no,no
The State of Illinois contains Zipcode 62556 correct?,yes,yes
Is Zipcode 41749 adjacent to and west of Zipcode 41776?,yes,no
Is Zipcode 30553 adjacent to and northwest of Zipcode 30516?,yes,no
Is Zipcode 81654 adjacent to and east of Zipcode 81611?,no,no
The State of Pennsylvania contains Zipcode 18325 correct?,yes,no
Is Zipcode 10979 adjacent to and southwest of Zipcode 10925?,yes,no
Is Walton County Florida adjacent to and southwest of Zipcode 32541?,no,no
Granite County Montana has no common ground with Zipcode 59825 correct?,no,yes
Is McDowell County West Virginia west of Zipcode 24603?,no,yes
Is Zipcode 37711 northwest of Zipcode 37743?,yes,no
Johnson County Wyoming contains Zipcode 82834 correct?,yes,no
Is De Witt County Illinois west of Zipcode 61751?,no,no
Is Zipcode 61319 adjacent to and west of Zipcode 60460?,yes,no
Is Zipcode 28304 adjacent to and northeast of Zipcode 28303?,no,yes
Is Zipcode 24343 adjacent to and east of Zipcode 24352?,no,no
Is Zipcode 50320 adjacent to and north of Zipcode 50317?,no,no
Is Zipcode 01810 adjacent to and south of Zipcode 01843?,yes,no
Is Zipcode 35151 adjacent to and south of Zipcode 35136?,no,no
Is Zipcode 95684 west of Zipcode 95223?,yes,yes
Is Zipcode 32503 southwest of Zipcode 32507?,no,no
Is Zipcode 80426 east of Zipcode 81641?,yes,no
Tulsa County Oklahoma is inside of Zipcode 74134 correct?,no,yes
Is Zipcode 04096 southeast of Zipcode 04039?,yes,no
Is Zipcode 24472 west of Zipcode 24439?,no,no
The State of Kansas contains Zipcode 67106 correct?,yes,yes
Is Miami County Ohio southeast of Zipcode 45319?,no,no
Is Monongalia County West Virginia adjacent to and south of Taylor County West Virginia?,no,no
Is Zipcode 61483 adjacent to and northeast of Zipcode 61451?,yes,no
Is Ulster County New York adjacent to and west of Sullivan County New York?,no,no
Is Zipcode 99613 adjacent to and west of Zipcode 99670?,no,no
Is Queens County New York west of Zipcode 08863?,no,no
Is Zipcode 60102 adjacent to and east of Zipcode 60010?,no,no
Is Kenosha County Wisconsin adjacent to and east of McHenry County Illinois?,yes,no
Is Saint Francois County Missouri adjacent to and north of Zipcode 63020?,no,no
Is Marshall County Oklahoma adjacent to and south of Zipcode 75076?,no,no
Is Zipcode 31503 adjacent to and east of Zipcode 31542?,no,no
Is Zipcode 88426 northwest of Zipcode 88411?,yes,no
Is Zipcode 59214 adjacent to and southwest of Zipcode 59322?,no,no
Is Zipcode 76832 adjacent to and west of Zipcode 76869?,no,no
Hopkins County Texas has no common ground with Zipcode 75494 correct?,no,yes
Is Zipcode 02840 northwest of Zipcode 02835?,no,no
Is Zipcode 95683 adjacent to and southwest of Zipcode 95682?,yes,no
Sullivan County New York is inside of Zipcode 12784 correct?,no,yes
Is Los Angeles County California southwest of Zipcode 92342?,yes,yes
Los Angeles County California contains Zipcode 90602 correct?,yes,yes
Is Zipcode 73552 adjacent to and west of Zipcode 73566?,no,no
Añasco Municipio Puerto Rico intersects with Zipcode 00610 correct?,yes,no
Choctaw County Alabama intersects with Zipcode 36919 correct?,yes,no
Is Zipcode 74332 adjacent to and southeast of Zipcode 74367?,no,no
Is Zipcode 48015 southwest of Zipcode 48088?,yes,no
Hickman County Tennessee contains Zipcode 37098 correct?,yes,yes
New York County New York contains Zipcode 10016 correct?,yes,yes
Is Zipcode 27923 northwest of Zipcode 27958?,no,no
Is Zipcode 75762 adjacent to and northeast of Zipcode 75763?,yes,no
Is Zipcode 13452 adjacent to and west of Zipcode 13365?,no,no
Is Zipcode 48422 adjacent to and southeast of Zipcode 48032?,no,no
Is Zipcode 34465 adjacent to and north of Zipcode 34461?,yes,no
Is Zipcode 27106 adjacent to and south of Zipcode 27045?,yes,no
Is The State of Louisiana east of Zipcode 39648?,no,no
Is Zipcode 29693 west of Zipcode 30573?,no,no
Is Zipcode 68810 adjacent to and west of Zipcode 68883?,no,no
Is Colleton County South Carolina adjacent to and east of Zipcode 29924?,yes,no
Allen County Kentucky is inside of Zipcode 42153 correct?,no,no
Is Zipcode 26034 southwest of Zipcode 43964?,no,no
Cortland County New York intersects with Zipcode 13158 correct?,yes,yes
Is Zipcode 29803 adjacent to and east of Zipcode 29809?,yes,no
Is Giles County Virginia southeast of Zipcode 25971?,yes,yes
Is Mecosta County Michigan adjacent to and southwest of Zipcode 49329?,no,no
Is Zipcode 76051 southwest of Zipcode 76021?,no,no
Is Clearfield County Pennsylvania adjacent to and south of Zipcode 15846?,yes,no
Bexar County Texas intersects with Zipcode 78069 correct?,yes,no
Is Zipcode 68448 north of Zipcode 68382?,no,yes
Is Eaton County Michigan adjacent to and east of Zipcode 48842?,no,yes
Is Bulloch County Georgia northeast of Zipcode 29939?,no,no
Is Zipcode 21758 adjacent to and south of Zipcode 20180?,no,yes
Is Zipcode 63114 adjacent to and east of Zipcode 63133?,no,no
The State of Nevada is inside of Zipcode 89012 correct?,no,yes
Is Zipcode 58415 northwest of Zipcode 58474?,yes,no
Is Zipcode 62888 adjacent to and south of Zipcode 62831?,yes,yes
Is Zipcode 73501 adjacent to and east of Zipcode 73055?,no,no
Is Zipcode 41008 adjacent to and southeast of Zipcode 41098?,no,no
Wells County Indiana has no common ground with Zipcode 46777 correct?,no,no
Nassau County New York contains Zipcode 11753 correct?,yes,yes
Is Zipcode 31327 adjacent to and west of Zipcode 31331?,no,no
Rawlins County Kansas contains The State of Kansas correct?,no,yes
Is Zipcode 68735 adjacent to and south of Zipcode 68766?,yes,yes
Is Zipcode 67660 adjacent to and north of Zipcode 67520?,yes,no
Is Zipcode 54830 adjacent to and south of Zipcode 54836?,yes,no
Is Zipcode 85634 east of Zipcode 85745?,no,yes
Is Zipcode 03464 adjacent to and north of Zipcode 03280?,no,yes
Is Worcester County Massachusetts northeast of Zipcode 06282?,yes,no
Is Zipcode 47885 adjacent to and northeast of Zipcode 62423?,yes,no
Is Zipcode 40214 adjacent to and south of Zipcode 40215?,yes,no
Is Zipcode 92518 adjacent to and west of Zipcode 92508?,no,no
Is Zipcode 61560 southeast of Zipcode 61336?,no,yes
Is Sargent County North Dakota adjacent to and north of Marshall County South Dakota?,yes,no
Sedgwick County Kansas contains Zipcode 67203 correct?,yes,yes
Is Zipcode 20744 northeast of Zipcode 20616?,yes,no
Is Columbia County Oregon adjacent to and northwest of Multnomah County Oregon?,yes,no
Is Zipcode 31625 adjacent to and southwest of Zipcode 31620?,yes,no
Is Zipcode 41234 adjacent to and northeast of Zipcode 41271?,no,no
Is Zipcode 53146 northeast of Zipcode 53149?,yes,yes
Is Hays County Texas northeast of Zipcode 78621?,no,no
Is Hunterdon County New Jersey adjacent to and east of Zipcode 18077?,yes,yes
Is Zipcode 12838 adjacent to and west of Zipcode 12832?,yes,no
Is Lee County North Carolina northwest of Zipcode 28323?,yes,yes
Is Zipcode 29376 south of Zipcode 29335?,no,no
Is Zipcode 20670 west of Zipcode 20619?,no,no
Is Park County Montana adjacent to and northwest of Zipcode 82414?,yes,no
Is Zipcode 75155 adjacent to and northwest of Zipcode 75109?,yes,yes
Is Hyde County North Carolina northwest of Zipcode 27962?,no,no
Is Zipcode 02343 adjacent to and northeast of Zipcode 02322?,yes,no
Is Zipcode 43716 adjacent to and southwest of Zipcode 43902?,yes,no
The State of Ohio contains Zipcode 45459 correct?,yes,yes
Is Zipcode 24171 adjacent to and west of Zipcode 24133?,yes,no
Morgan County West Virginia is inside of Zipcode 25411 correct?,no,no
Is The State of Illinois adjacent to and northeast of Zipcode 63070?,yes,no
Is The State of Maryland southwest of Zipcode 22967?,no,no
Is Zipcode 43962 adjacent to and north of Zipcode 44423?,no,no
Is Zipcode 59472 adjacent to and southwest of Zipcode 59405?,no,no
Is Zipcode 23308 west of Zipcode 23302?,yes,no
Is Zipcode 74547 adjacent to and northeast of Zipcode 74528?,yes,yes
Is Zipcode 66509 adjacent to and southeast of Zipcode 66540?,yes,yes
Is Mayagüez Municipio Puerto Rico northeast of Isabela Municipio Puerto Rico?,no,no
Is Ventura County California west of Zipcode 91390?,yes,yes
Is Zipcode 60502 adjacent to and southeast of Zipcode 60504?,no,yes
The State of New Jersey is inside of Zipcode 07031 correct?,no,no
Is Zipcode 48158 adjacent to and southeast of Zipcode 49236?,no,yes
Is Zipcode 81423 adjacent to and west of Zipcode 81430?,yes,no
Sarasota County Florida contains Zipcode 34292 correct?,yes,yes
Is Zipcode 36618 southeast of Zipcode 36587?,yes,yes
The State of Mississippi contains Zipcode 39204 correct?,yes,no
Hinds County Mississippi contains Zipcode 39202 correct?,yes,no
Dickson County Tennessee contains Zipcode 37029 correct?,yes,yes
Is Zipcode 12108 adjacent to and southeast of Zipcode 12190?,no,no
Is The State of New York south of Zipcode 18086?,no,yes
Is Cherokee County Kansas west of Zipcode 64870?,yes,no
Is Blount County Tennessee northwest of Zipcode 37830?,no,yes
Is Caswell County North Carolina east of Zipcode 27583?,no,yes
Is Texas County Oklahoma adjacent to and west of Cimarron County Oklahoma?,no,yes
Is Zipcode 75446 adjacent to and northeast of Zipcode 75486?,no,no
Is Mecklenburg County North Carolina south of Zipcode 28682?,yes,no
Is Zipcode 43060 southwest of Zipcode 43078?,no,no
Is Zipcode 83617 adjacent to and southwest of Zipcode 83657?,yes,yes
Is Zipcode 16322 west of Zipcode 16370?,no,no
Is Kane County Illinois east of Zipcode 60133?,no,no
Is Zipcode 79376 adjacent to and east of Zipcode 79355?,yes,no
Is Zipcode 58029 adjacent to and east of Zipcode 58064?,yes,yes
Is New York County New York east of Zipcode 11024?,no,no
Is Zipcode 61364 adjacent to and west of Zipcode 61377?,no,yes
Is Dallas County Texas west of Zipcode 76115?,no,no
Is Zipcode 04535 adjacent to and southwest of Zipcode 04348?,yes,no
Is Zipcode 70714 east of Zipcode 70739?,no,no
Is Zipcode 02120 east of Zipcode 02127?,no,no
Is Zipcode 69032 adjacent to and west of Zipcode 69045?,no,no
Is Zipcode 46072 northwest of Zipcode 46979?,no,no
Is Crockett County Texas adjacent to and east of Zipcode 76936?,no,no
Is The State of Kentucky adjacent to and north of Zipcode 38575?,yes,no
Is Zipcode 36269 adjacent to and southwest of Zipcode 36264?,no,no
Is Zipcode 17701 adjacent to and southeast of Zipcode 17756?,no,no
Is Thayer County Nebraska adjacent to and east of Nuckolls County Nebraska?,yes,no
Is Zipcode 19720 adjacent to and southwest of Zipcode 19733?,no,no
Is Saint Louis County Missouri northeast of Zipcode 62010?,no,no
Is Zipcode 80916 west of Zipcode 80906?,no,no
Koochiching County Minnesota is inside of Zipcode 56653 correct?,no,no
Is Zipcode 10470 adjacent to and northwest of Zipcode 10705?,no,no
Burt County Nebraska has no common ground with Zipcode 68029 correct?,no,yes
Is Zipcode 80928 adjacent to and west of Zipcode 80864?,yes,no
Is Zipcode 65468 adjacent to and north of Zipcode 65555?,no,no
Is Porter County Indiana southeast of Zipcode 46960?,no,yes
Is Monroe County West Virginia adjacent to and northeast of Zipcode 24426?,no,no
Is Ochiltree County Texas adjacent to and east of Hansford County Texas?,yes,no
The State of California is inside of Zipcode 93623 correct?,no,yes
The State of Florida contains Zipcode 33801 correct?,yes,no
Is Zipcode 15338 southeast of Zipcode 15451?,no,yes
Is Zipcode 79735 adjacent to and northwest of Zipcode 79848?,yes,no
Is Zipcode 77362 adjacent to and northwest of Zipcode 77375?,yes,no
The State of Virginia contains Zipcode 24083 correct?,yes,no
Is Zipcode 45229 east of Zipcode 45208?,no,no
Is The State of Arkansas southeast of Zipcode 38760?,no,no
Is Monroe County West Virginia east of Zipcode 25841?,yes,yes
Is Zipcode 62938 adjacent to and northeast of Zipcode 62960?,yes,no
Middlesex County Connecticut is inside of Zipcode 06469 correct?,no,no
Is Zipcode 48033 adjacent to and south of Zipcode 48034?,yes,no
Is Huntingdon County Pennsylvania southeast of Zipcode 17265?,no,yes
Is Zipcode 57437 northwest of Zipcode 58573?,no,no
Pendleton County Kentucky has no common ground with Zipcode 41040 correct?,no,yes
Is Zipcode 26705 east of Zipcode 26444?,yes,yes
Is Bledsoe County Tennessee northwest of White County Tennessee?,no,no
Is Zipcode 29456 east of Zipcode 29472?,yes,no
Is The State of Massachusetts west of Zipcode 06112?,no,no
Is Jackson County Arkansas adjacent to and southwest of Zipcode 72421?,yes,no
The State of Pennsylvania is inside of Zipcode 15631 correct?,no,yes
Is Montgomery County Mississippi north of Zipcode 38929?,no,yes
Is Zipcode 85131 adjacent to and north of Zipcode 85128?,no,no
Is Zipcode 46041 northeast of Zipcode 47940?,yes,no
Is Zipcode 70578 adjacent to and east of Zipcode 70529?,no,no
Is Zipcode 04489 northwest of Zipcode 04469?,yes,no
Is Zipcode 13124 southwest of Zipcode 13072?,yes,no
Is Zipcode 30401 northwest of Zipcode 30413?,no,no
Is Zipcode 39451 adjacent to and west of Zipcode 39423?,no,no
Is Zipcode 86332 southeast of Zipcode 86305?,yes,no
Is Zipcode 74442 adjacent to and northeast of Zipcode 74432?,no,no
Is Zipcode 06473 adjacent to and north of Zipcode 06513?,yes,no
Is Itasca County Minnesota southwest of Zipcode 56655?,no,no
Is Zipcode 14569 adjacent to and northwest of Zipcode 14550?,yes,no
Is Zipcode 50606 east of Zipcode 50662?,yes,no
Is Zipcode 15323 north of Zipcode 15337?,yes,no
Is Zipcode 35983 adjacent to and northwest of Zipcode 35961?,no,no
Is Zipcode 91326 adjacent to and west of Zipcode 91344?,yes,no
Is Zipcode 06784 adjacent to and south of Zipcode 06755?,yes,no
Is Zipcode 12723 adjacent to and southeast of Zipcode 12750?,no,no
Pearl River County Mississippi contains The State of Mississippi correct?,no,yes
DeKalb County Tennessee has no common ground with Zipcode 37012 correct?,no,no
Is Coahoma County Mississippi west of Zipcode 38623?,yes,no
San Juan Municipio Puerto Rico is inside of Zipcode 00909 correct?,no,no
Is Pickens County Alabama adjacent to and northwest of Lowndes County Mississippi?,no,no
Is Sherburne County Minnesota west of Zipcode 56368?,no,no
Is Zipcode 55439 adjacent to and southeast of Zipcode 55437?,no,no
Is Zipcode 57234 adjacent to and northeast of Zipcode 57226?,no,no
Is Saint Clair County Michigan adjacent to and north of Zipcode 48450?,no,no
Is Zipcode 34209 adjacent to and southwest of Zipcode 34221?,yes,no
Is The State of Illinois south of Zipcode 42038?,no,no
Cheshire County New Hampshire is inside of Zipcode 03431 correct?,no,yes
Is The State of Texas south of Zipcode 74640?,yes,no
Is The State of Ohio northwest of Zipcode 49227?,no,no
Is Zipcode 79932 adjacent to and southeast of Zipcode 79922?,no,no
Is Zipcode 18438 northwest of Zipcode 18464?,yes,no
Is Prince George's County Maryland south of Zipcode 20617?,no,yes
Is The State of Pennsylvania west of Zipcode 12747?,yes,yes
Is Queens County New York west of Zipcode 07077?,no,no
Is Zipcode 93619 north of Zipcode 93616?,yes,no
Is Zipcode 68339 adjacent to and south of Zipcode 68532?,yes,no
Is Zipcode 84714 adjacent to and southeast of Zipcode 84756?,no,no
Is Zipcode 66531 adjacent to and east of Zipcode 66503?,no,yes
Is Zipcode 12983 adjacent to and west of Zipcode 12997?,yes,yes
Is Bee County Texas adjacent to and northeast of Zipcode 77963?,no,no
Is DuPage County Illinois adjacent to and east of Kane County Illinois?,yes,no
Is Coconino County Arizona adjacent to and north of Zipcode 85541?,yes,no
Is Grant County Minnesota southwest of Zipcode 56236?,no,no
Is Zipcode 41640 west of Zipcode 41643?,yes,yes
Is Zipcode 96105 adjacent to and north of Zipcode 96118?,yes,no
Is The State of Texas southwest of Zipcode 74112?,yes,yes
Is Zipcode 41189 adjacent to and west of Zipcode 41056?,no,no
Is Zipcode 98584 west of Zipcode 98394?,yes,yes
Is Zipcode 32446 southeast of Zipcode 36375?,yes,yes
Is Zipcode 01245 southwest of Zipcode 01257?,no,no
Is Zipcode 17271 adjacent to and east of Zipcode 17244?,no,no
Is Morris County New Jersey southwest of Zipcode 07420?,yes,no
Is Zipcode 71651 adjacent to and northwest of Zipcode 71744?,no,no
Is Zipcode 79928 adjacent to and northeast of Zipcode 79836?,yes,no
Is Zipcode 75569 adjacent to and north of Zipcode 75503?,no,yes
Is Zipcode 98026 adjacent to and north of Zipcode 98155?,yes,yes
Is Zipcode 87742 east of Zipcode 87506?,yes,yes
Is Zipcode 56229 adjacent to and east of Zipcode 56264?,yes,no
Is Zipcode 00927 adjacent to and northeast of Zipcode 00925?,no,no
Is Zipcode 69334 adjacent to and southeast of Zipcode 69336?,no,no
Is Zipcode 90057 adjacent to and southwest of Zipcode 90026?,yes,no
Is Zipcode 13136 northeast of Zipcode 13072?,no,yes
Is Zipcode 01827 adjacent to and south of Zipcode 03062?,yes,no
Is Zipcode 58639 adjacent to and south of Zipcode 58650?,yes,no
Is Zipcode 54129 adjacent to and northwest of Zipcode 54952?,no,yes
Is Zipcode 49953 adjacent to and west of Zipcode 49938?,no,no
Is Zipcode 61863 adjacent to and northeast of Zipcode 61880?,no,no
Is Zipcode 68757 adjacent to and north of Zipcode 68732?,yes,no
Is Zipcode 48071 adjacent to and west of Zipcode 48092?,yes,no
Los Angeles County California is inside of Zipcode 90013 correct?,no,yes
Is Zipcode 02155 adjacent to and west of Zipcode 02148?,yes,no
Is Zipcode 56531 northwest of Zipcode 56343?,yes,yes
Is Jackson County West Virginia west of Zipcode 26136?,yes,no
Is Zipcode 44481 southwest of Zipcode 44429?,no,yes
Is Zipcode 30546 adjacent to and north of Zipcode 30545?,yes,no
Is Franklin Parish Louisiana adjacent to and south of Zipcode 71269?,yes,no
Williams County Ohio contains Zipcode 43505 correct?,yes,no
Is Gloucester County Virginia southwest of Zipcode 23064?,yes,no
Is Riverside County California east of Zipcode 85371?,no,no
Is Zipcode 14037 adjacent to and north of Zipcode 14145?,yes,no
Is Zipcode 20737 northwest of Zipcode 20785?,yes,no
The State of Minnesota is inside of Zipcode 56303 correct?,no,yes
Is Zipcode 43780 adjacent to and west of Zipcode 43733?,no,no
Is Zipcode 29101 adjacent to and west of Zipcode 29550?,yes,no
Is Zipcode 77386 adjacent to and west of Zipcode 77339?,yes,no
Is Zipcode 45745 adjacent to and northwest of Zipcode 45789?,yes,no
Butler County Missouri has no common ground with Zipcode 63953 correct?,no,no
Is Saint James Parish Louisiana southwest of Saint Mary Parish Louisiana?,no,yes
Is The State of New York northeast of Zipcode 16238?,yes,no
Is Zipcode 43081 adjacent to and southwest of Zipcode 43231?,no,no
Is Zipcode 83713 adjacent to and east of Zipcode 83704?,no,no
Is Zipcode 32780 adjacent to and southeast of Zipcode 32953?,no,no
Is Douglas County Nebraska east of Zipcode 51576?,no,yes
The State of Kansas is inside of Zipcode 67337 correct?,no,no
Is The State of West Virginia south of Zipcode 43939?,yes,no
Is Zipcode 65658 adjacent to and northeast of Zipcode 72631?,yes,no
Is Zipcode 35212 adjacent to and west of Zipcode 35234?,no,yes
Is Saint Mary's County Maryland southeast of Zipcode 20613?,yes,no
Is Zipcode 96819 south of Zipcode 96850?,no,no
Is Zipcode 45778 adjacent to and southeast of Zipcode 45723?,no,no
Is Chemung County New York northeast of Zipcode 16935?,yes,yes
Is Zipcode 06238 adjacent to and northeast of Zipcode 06279?,no,no
Is Caroline County Maryland adjacent to and west of Zipcode 21601?,no,no
Is Zipcode 43759 adjacent to and southeast of Zipcode 43718?,no,no
Is Zipcode 37166 adjacent to and southwest of Zipcode 38544?,yes,no
The State of Nebraska contains Zipcode 68859 correct?,yes,yes
Is Johnson County Wyoming adjacent to and northwest of Zipcode 82833?,no,yes
Is Zipcode 41572 adjacent to and west of Zipcode 41667?,no,no
Is Zipcode 68783 southwest of Zipcode 57062?,yes,no
Is Zipcode 64441 adjacent to and southeast of Zipcode 64471?,no,no
Is Saline County Arkansas northwest of Jefferson County Arkansas?,yes,yes
Is Zipcode 29655 adjacent to and east of Zipcode 29620?,no,yes
Is Zipcode 34110 adjacent to and northwest of Zipcode 34134?,no,no
Is Zipcode 85501 northeast of Zipcode 85173?,yes,yes
Is Zipcode 62201 east of Zipcode 63103?,yes,yes
Is Zipcode 13843 adjacent to and northwest of Zipcode 13825?,yes,no
Is Zipcode 17302 southeast of Zipcode 17356?,yes,yes
Is Zipcode 62935 adjacent to and west of Zipcode 62977?,yes,no
Is Monroe County West Virginia adjacent to and north of Zipcode 24150?,yes,yes
Is Zipcode 69218 adjacent to and north of Zipcode 57551?,no,no
Is Decatur County Iowa adjacent to and northwest of Zipcode 50174?,no,no
Is Zipcode 99652 adjacent to and southwest of Zipcode 99694?,yes,yes
The State of Texas is inside of Zipcode 75052 correct?,no,yes
Is Zipcode 17723 southwest of Zipcode 16938?,yes,yes
Is Zipcode 99025 adjacent to and west of Zipcode 83858?,yes,no
Is Zipcode 67354 adjacent to and northeast of Zipcode 67337?,yes,yes
Is Zipcode 80615 adjacent to and west of Zipcode 80546?,no,no
Is Atlantic County New Jersey southwest of Zipcode 08224?,yes,yes
Is Zipcode 49894 adjacent to and south of Zipcode 49837?,yes,no
Okaloosa County Florida is inside of The State of Florida correct?,yes,yes
The State of Minnesota contains Zipcode 55376 correct?,yes,no
Is Curry County Oregon adjacent to and south of Zipcode 97466?,yes,no
Rio Arriba County New Mexico intersects with Zipcode 87412 correct?,yes,no
Is Greenbrier County West Virginia east of Zipcode 25832?,yes,no
Is Zipcode 32327 adjacent to and west of Zipcode 32358?,no,no
Is Carroll County Georgia adjacent to and southeast of Zipcode 36269?,yes,no
Is Zipcode 73440 adjacent to and east of Zipcode 73448?,yes,no
Is Zipcode 95204 adjacent to and northeast of Zipcode 95203?,yes,no
Is Zipcode 53126 southeast of Zipcode 53403?,no,no
Erie County New York is inside of Zipcode 14150 correct?,no,no
Is Zipcode 95023 northeast of Zipcode 93901?,yes,no
Is Hinsdale County Colorado west of Zipcode 81149?,yes,no
The State of Massachusetts contains Zipcode 02724 correct?,yes,yes
Is Zipcode 34607 adjacent to and north of Zipcode 34667?,yes,yes
Is Zipcode 27966 adjacent to and north of Zipcode 27939?,no,yes
Is Zipcode 12161 adjacent to and east of Zipcode 12067?,yes,no
Is Neshoba County Mississippi southwest of Zipcode 39341?,yes,yes
Is Zipcode 79720 adjacent to and northwest of Zipcode 79733?,yes,no
Is Zipcode 17824 west of Zipcode 17888?,yes,no
Is Zipcode 63775 west of Zipcode 63732?,yes,yes
Montgomery County New York has no common ground with Zipcode 12166 correct?,no,no
Is Zipcode 44003 southwest of Zipcode 16406?,yes,no
Seminole County Oklahoma has no common ground with Zipcode 74840 correct?,no,no
Harris County Texas contains Zipcode 77080 correct?,yes,yes
The State of Pennsylvania is inside of Zipcode 17030 correct?,no,yes
Is Franklin County Maine southwest of Zipcode 04226?,no,no
Is Seward County Kansas adjacent to and northwest of Zipcode 73938?,yes,no
Pulaski County Kentucky intersects with Zipcode 42642 correct?,yes,no
Is Rosebud County Montana east of Zipcode 59059?,yes,no
Is Butler County Nebraska southwest of Zipcode 68456?,no,yes
Is Zipcode 15202 adjacent to and southwest of Zipcode 15229?,yes,yes
The State of Missouri is inside of Zipcode 63005 correct?,no,no
Is Zipcode 66938 adjacent to and north of Zipcode 67466?,yes,no
Is Zipcode 01223 adjacent to and east of Zipcode 01238?,yes,no
Ulster County New York is inside of Zipcode 12481 correct?,no,no
Is Carroll County Maryland southwest of Zipcode 17349?,yes,no
Is Zipcode 23887 southeast of Zipcode 23893?,yes,yes
Is Zipcode 08042 adjacent to and south of Zipcode 08068?,no,no
Is Zipcode 86023 adjacent to and east of Zipcode 86020?,no,no
Is Jasper County Texas west of Zipcode 75942?,no,no
The State of Iowa is inside of Zipcode 50265 correct?,no,no
Is Bledsoe County Tennessee northwest of Zipcode 37308?,yes,yes
Is Zipcode 02053 adjacent to and southwest of Zipcode 02019?,no,no
Is Fayette County Indiana northeast of Zipcode 47374?,no,no
Republic County Kansas has no common ground with Zipcode 68325 correct?,no,yes
Is Steuben County New York east of Zipcode 14891?,no,no
Is Zipcode 51301 adjacent to and west of Zipcode 51333?,yes,no
Is Zipcode 94621 east of Zipcode 94578?,no,no
Is Zipcode 27978 adjacent to and northwest of Zipcode 27953?,no,no
Is Zipcode 97640 adjacent to and northwest of Zipcode 97636?,yes,no
Is Eaton County Michigan northeast of Zipcode 48912?,no,yes
Is Chippewa County Wisconsin north of Zipcode 54819?,no,no
Is Magoffin County Kentucky northeast of Zipcode 25514?,no,yes
Is Zipcode 30324 southeast of Zipcode 30327?,yes,no
Is Zipcode 12972 adjacent to and east of Zipcode 12975?,no,no
Is Zipcode 48182 adjacent to and north of Zipcode 48177?,no,yes
Gibson County Indiana is inside of Zipcode 47649 correct?,no,yes
Is Zipcode 12309 adjacent to and northwest of Zipcode 12308?,no,no
Is The State of Oregon adjacent to and southwest of Zipcode 83522?,yes,no
Is Albany County New York adjacent to and east of Zipcode 12180?,no,no
Is Zipcode 35775 adjacent to and south of Zipcode 35670?,no,no
Is Zipcode 30733 adjacent to and northeast of Zipcode 30165?,yes,no
Is Nelson County Kentucky southeast of Zipcode 40272?,yes,no
Is Zipcode 72106 adjacent to and southeast of Zipcode 72113?,no,no
The State of Kentucky is inside of Zipcode 41003 correct?,no,no
Montgomery County New York intersects with Zipcode 12010 correct?,yes,yes
Is Zipcode 93950 adjacent to and northwest of Zipcode 93940?,yes,yes
Is Zipcode 58504 adjacent to and north of Zipcode 58501?,no,no
Is Musselshell County Montana adjacent to and southeast of Zipcode 59088?,no,no
Is Zipcode 68779 northeast of Zipcode 68787?,no,no
Is Zipcode 15061 southeast of Zipcode 15003?,no,no
Is Elkhart County Indiana southeast of Zipcode 49031?,yes,no
Is Zipcode 47863 north of Zipcode 47842?,no,yes
Is The State of Colorado adjacent to and southeast of Zipcode 82901?,yes,no
Is Zipcode 94938 adjacent to and east of Zipcode 94963?,no,no
Is Nemaha County Nebraska west of Zipcode 51630?,yes,yes
The State of Wisconsin is inside of Zipcode 53066 correct?,no,no
Is Zipcode 24522 adjacent to and west of Zipcode 23960?,yes,no
Is Zipcode 02379 west of Zipcode 02356?,no,no
Brunswick County Virginia contains Zipcode 23876 correct?,yes,no
The State of Pennsylvania is inside of Zipcode 18068 correct?,no,no
The State of Texas contains Zipcode 79936 correct?,yes,no
Parke County Indiana intersects with Zipcode 47874 correct?,yes,no
The State of Michigan contains Zipcode 49637 correct?,yes,no
Is Zipcode 05851 adjacent to and southwest of Zipcode 05871?,yes,no
Is Zipcode 89124 northwest of Zipcode 89107?,yes,no
Is Zipcode 28790 adjacent to and southeast of Zipcode 29690?,no,no
Is The State of North Carolina northeast of Zipcode 29061?,yes,yes
Is Zipcode 77867 adjacent to and northwest of Zipcode 77807?,yes,no
Is Zipcode 23156 northeast of Zipcode 23168?,yes,no
Is Marion County Ohio northwest of Zipcode 43351?,no,no
Is Zipcode 71446 adjacent to and south of Zipcode 70634?,no,no
Is The State of California southeast of Zipcode 85356?,no,no
Is Lamoille County Vermont southwest of Zipcode 05462?,no,yes
Is Zipcode 77351 adjacent to and north of Zipcode 77350?,no,yes
Is Roberts County Texas adjacent to and north of Ochiltree County Texas?,no,no
Hardin County Kentucky intersects with Zipcode 40121 correct?,yes,no
Is Zipcode 51342 adjacent to and south of Zipcode 50536?,no,no
Is Zipcode 56054 adjacent to and south of Zipcode 55396?,yes,no
Is Zipcode 95111 adjacent to and west of Zipcode 95125?,no,no
Is Zipcode 20181 northwest of Zipcode 20137?,no,no
Is Zipcode 90094 east of Zipcode 90056?,no,no
Is Zipcode 18853 southeast of Zipcode 18850?,yes,yes
The State of New York is inside of Zipcode 10461 correct?,no,yes
The State of Florida is inside of Zipcode 32129 correct?,no,no
Is Whitley County Kentucky southwest of Scott County Tennessee?,no,no
Is Norfolk County Massachusetts north of Zipcode 02472?,no,no
Is Zipcode 94591 northwest of Zipcode 94559?,no,no
Is Zipcode 99011 west of Zipcode 99224?,yes,yes
Is Zipcode 48767 east of Zipcode 48754?,no,yes
Is Dallas County Texas northeast of Zipcode 75002?,no,no
Is York County South Carolina south of Zipcode 28032?,yes,yes
Is Zipcode 66756 adjacent to and northeast of Zipcode 66762?,yes,yes
Is Zipcode 90020 adjacent to and east of Zipcode 90036?,yes,no
Is Zipcode 69130 adjacent to and west of Zipcode 68850?,yes,no
Is Zipcode 99561 east of Zipcode 99559?,no,no
Is Zipcode 85256 adjacent to and northwest of Zipcode 85258?,no,no
Is Zipcode 60415 adjacent to and northwest of Zipcode 60803?,yes,no
Is Zipcode 41568 adjacent to and east of Zipcode 24846?,no,no
Is Zipcode 65325 adjacent to and southwest of Zipcode 65338?,no,no
Portage County Wisconsin has no common ground with Zipcode 54455 correct?,no,no
Colfax County Nebraska contains Zipcode 68661 correct?,yes,yes
Is Zipcode 24266 southwest of Zipcode 24202?,no,yes
Is Zipcode 65068 adjacent to and southeast of Zipcode 65233?,yes,no
Is Wise County Virginia adjacent to and west of Harlan County Kentucky?,no,no
The State of Ohio is inside of Zipcode 45845 correct?,no,no
Is Yukon-Koyukuk Census Area Alaska southwest of Zipcode 99575?,no,no
Is Zipcode 47578 adjacent to and northeast of Zipcode 47443?,no,no
Is Zipcode 54838 adjacent to and south of Zipcode 54859?,no,no
Is Zipcode 79011 adjacent to and north of Zipcode 79096?,yes,no
Is Zipcode 24127 adjacent to and west of Zipcode 24984?,no,no
Is Knox County Indiana northwest of Zipcode 47590?,yes,no
Is Zipcode 38551 adjacent to and west of Zipcode 38549?,yes,no
Is Zipcode 55069 adjacent to and west of Zipcode 54840?,yes,no
Laramie County Wyoming contains Zipcode 82050 correct?,yes,no
Is Raleigh County West Virginia adjacent to and north of Zipcode 25917?,no,no
Is Zipcode 32504 northeast of Zipcode 32583?,no,yes
Is Zipcode 41048 adjacent to and northwest of Zipcode 41018?,yes,no
Is Zipcode 28438 northwest of Zipcode 28375?,no,no
Is The State of North Carolina east of Zipcode 29388?,yes,yes
The State of Texas is inside of Zipcode 78076 correct?,no,yes
Northampton County Virginia contains Zipcode 23307 correct?,yes,no
Lynchburg city Virginia intersects with Zipcode 24551 correct?,yes,yes
Is Zipcode 66757 adjacent to and northwest of Zipcode 67335?,yes,yes
Is Union County Illinois northwest of Zipcode 62956?,yes,no
Citrus County Florida intersects with Zipcode 34433 correct?,yes,no
Is Zipcode 77964 adjacent to and south of Zipcode 78956?,yes,no
Is Zipcode 67511 adjacent to and south of Zipcode 67565?,yes,yes
Is Zipcode 20405 west of Zipcode 20004?,yes,no
Is Zipcode 52742 northwest of Zipcode 52758?,yes,no
Is Zipcode 70712 north of Zipcode 71373?,no,no
Cavalier County North Dakota contains The State of North Dakota correct?,no,yes
Is Zipcode 32009 adjacent to and south of Zipcode 32234?,no,no
Is Zipcode 88047 northeast of Zipcode 88021?,yes,no
Is Las Piedras Municipio Puerto Rico adjacent to and northwest of Zipcode 00791?,yes,no
Is Wallowa County Oregon adjacent to and west of Zipcode 97886?,no,no
Is Zipcode 92880 adjacent to and southeast of Zipcode 91710?,yes,no
Coamo Municipio Puerto Rico has no common ground with Zipcode 00794 correct?,no,no
Is Zipcode 68620 adjacent to and east of Zipcode 68665?,yes,no
Is Zipcode 79236 west of Zipcode 79220?,no,yes
Scott County Tennessee contains Zipcode 37755 correct?,yes,no
Niagara County New York is inside of Zipcode 14302 correct?,no,no
Is Hall County Nebraska adjacent to and north of Howard County Nebraska?,no,no
Is Zipcode 66102 northwest of Zipcode 66103?,yes,yes
Is Zipcode 94601 adjacent to and south of Zipcode 94621?,no,no
Is Zipcode 38606 southeast of Zipcode 38658?,no,yes
Is Bradley County Tennessee southeast of Zipcode 30555?,no,yes
Is Zipcode 07731 adjacent to and southwest of Zipcode 07727?,yes,no
Is Zipcode 01071 adjacent to and southwest of Zipcode 01097?,yes,yes
Is Milwaukee County Wisconsin adjacent to and east of Waukesha County Wisconsin?,yes,no
Is Zipcode 47340 adjacent to and southeast of Zipcode 47320?,yes,no
The State of Washington is inside of Zipcode 99114 correct?,no,yes
Is Zipcode 44134 east of Zipcode 44130?,yes,yes
Is Muscogee County Georgia northwest of Zipcode 31805?,yes,no
Is Washington County Ohio north of Zipcode 26142?,yes,no
Is Zipcode 39348 adjacent to and west of Zipcode 39422?,no,no
Is Zipcode 39556 adjacent to and north of Zipcode 39520?,yes,no
Is Zipcode 25547 adjacent to and southwest of Zipcode 25601?,no,no
Is Kingsbury County South Dakota adjacent to and south of Miner County South Dakota?,no,no
Is Zipcode 30326 adjacent to and north of Zipcode 30324?,yes,no
Is Los Angeles County California northwest of Zipcode 92618?,yes,no
Is Ulster County New York west of Zipcode 13755?,no,no
Is Zipcode 89503 northwest of Zipcode 89502?,yes,no
Is Zipcode 85373 adjacent to and west of Zipcode 85375?,no,no
Is Zipcode 70722 northeast of Zipcode 70791?,yes,no
Is Zipcode 24121 adjacent to and north of Zipcode 24176?,yes,no
The State of New Mexico is inside of Zipcode 87831 correct?,no,no
Is Zipcode 67029 south of Zipcode 67059?,yes,no
Is Zipcode 48875 adjacent to and south of Zipcode 48851?,yes,no
Is Zipcode 45223 northeast of Zipcode 45238?,yes,no
Is Zipcode 26582 adjacent to and south of Zipcode 26386?,no,no
Is Nolan County Texas west of Zipcode 79603?,yes,yes
Is Zipcode 47951 adjacent to and northwest of Zipcode 60931?,no,no
Is Zipcode 08865 adjacent to and southeast of Zipcode 18040?,yes,no
Is Zipcode 98579 adjacent to and west of Zipcode 98531?,yes,no
Is New York County New York southwest of Zipcode 10458?,yes,no
Is Zipcode 66739 southwest of Zipcode 74354?,no,yes
Is Phillips County Arkansas adjacent to and south of Bolivar County Mississippi?,no,no
Is Manatí Municipio Puerto Rico west of Zipcode 00951?,yes,yes
Is Zipcode 62884 adjacent to and northwest of Zipcode 62812?,yes,no
Is Zipcode 11435 adjacent to and west of Zipcode 11415?,no,no
Is Zipcode 22714 adjacent to and north of Zipcode 22741?,yes,no
Is Licking County Ohio southeast of Zipcode 43777?,no,yes
Is Zipcode 60619 adjacent to and northeast of Zipcode 60649?,no,no
Is Zipcode 62612 adjacent to and northeast of Zipcode 62675?,no,no
The State of North Carolina is inside of Zipcode 28684 correct?,no,yes
Is Zipcode 93920 east of Zipcode 93930?,no,yes
Is Kern County California adjacent to and east of Zipcode 93453?,yes,no
Is Zipcode 05345 adjacent to and east of Zipcode 05355?,yes,no
Is Zipcode 59270 adjacent to and west of Zipcode 59262?,no,no
Is Zipcode 88415 adjacent to and southwest of Zipcode 87743?,no,no
Is Valdez-Cordova Census Area Alaska adjacent to and east of Yakutat City?,no,no
Is Zipcode 14220 adjacent to and south of Zipcode 14210?,yes,no
Is Zipcode 26676 northwest of Zipcode 26662?,no,no
Cuyahoga County Ohio contains Zipcode 44134 correct?,yes,no
Is Zipcode 92614 west of Zipcode 92620?,yes,no
Is Zipcode 12955 northwest of Zipcode 12981?,yes,no
Is Zipcode 33306 east of Zipcode 33309?,yes,yes
Is Zipcode 06877 west of Zipcode 10597?,no,no
Is Jerome County Idaho east of Zipcode 83321?,yes,no
Is Leon County Texas adjacent to and south of Madison County Texas?,no,no
Is Zipcode 31554 northeast of Zipcode 31642?,yes,no
Is Zipcode 40827 adjacent to and north of Zipcode 40868?,no,no
The State of Arizona is inside of Zipcode 85254 correct?,no,no
Is Zipcode 98224 northwest of Zipcode 98272?,no,no
Is Zipcode 97223 adjacent to and east of Zipcode 97007?,yes,no
Is Zipcode 38240 adjacent to and northwest of Zipcode 38059?,yes,no
Is Zipcode 57719 adjacent to and north of Zipcode 57703?,yes,no
Is Grant County Oklahoma adjacent to and northeast of Zipcode 67022?,no,no
Kandiyohi County Minnesota intersects with Zipcode 56289 correct?,yes,yes
Is Zipcode 60651 adjacent to and southeast of Zipcode 60624?,no,no
Is Zipcode 64080 adjacent to and east of Zipcode 64078?,yes,no
Is Kennebec County Maine southeast of Zipcode 04940?,yes,yes
Is Zipcode 24910 adjacent to and northwest of Zipcode 25976?,no,no
Is Weber County Utah north of Zipcode 84041?,yes,yes
Is Haralson County Georgia southwest of Zipcode 36264?,no,no
Is Zipcode 68039 adjacent to and southwest of Zipcode 68055?,no,no
Is Zipcode 17931 southeast of Zipcode 17820?,yes,no
Sullivan County New York has no common ground with Zipcode 12740 correct?,no,yes
Is Zipcode 11435 west of Zipcode 11423?,yes,yes
Is Zipcode 30576 adjacent to and northeast of Zipcode 30523?,yes,no
Is Northumberland County Pennsylvania west of Zipcode 18246?,yes,no
Is Zipcode 95568 west of Zipcode 96032?,yes,no
Is Zipcode 49759 adjacent to and northwest of Zipcode 49743?,yes,no
Is Galveston County Texas southwest of Zipcode 77566?,no,no
Is Zipcode 37912 west of Zipcode 37931?,no,no
Is Murray County Oklahoma adjacent to and northeast of Zipcode 73458?,yes,no
Is Zipcode 48746 adjacent to and southwest of Zipcode 48420?,no,no
Is Madison County North Carolina northwest of Zipcode 37843?,no,yes
Is Zipcode 26601 adjacent to and northwest of Zipcode 26624?,no,no
Is Zipcode 77493 adjacent to and north of Zipcode 77494?,yes,no
Is Zipcode 41564 adjacent to and southwest of Zipcode 41514?,yes,yes
Is Zipcode 84520 adjacent to and southwest of Zipcode 84539?,yes,no
Is Hillsborough County New Hampshire west of Zipcode 03445?,no,yes
Is Caroline County Maryland west of Zipcode 19963?,yes,no
Is Columbiana County Ohio adjacent to and southeast of Zipcode 44672?,yes,no
Is Zipcode 63565 west of Zipcode 63561?,yes,no
Is Zipcode 75668 east of Zipcode 75657?,no,no
Is Westmoreland County Virginia west of Zipcode 20667?,yes,no
Is Zipcode 38879 west of Zipcode 38862?,yes,no
Is Shenandoah County Virginia north of Zipcode 26711?,no,no
Is Jackson County North Carolina southwest of Zipcode 28763?,no,no
Warrick County Indiana intersects with Zipcode 47619 correct?,yes,no
Is Zipcode 62869 northwest of Zipcode 62979?,yes,no
Is Zipcode 12981 east of Zipcode 12962?,no,no
Is Williamson County Tennessee adjacent to and northwest of Cheatham County Tennessee?,no,no
Is Zipcode 44262 adjacent to and west of Zipcode 44221?,no,no
Is Hardin County Illinois east of Zipcode 62928?,yes,yes
The State of Georgia contains Zipcode 30805 correct?,yes,yes
Meagher County Montana has no common ground with Zipcode 59645 correct?,no,yes
Is The State of Virginia northwest of Zipcode 26321?,no,no
Is Pulaski County Virginia east of Zipcode 24323?,yes,no
Is Zipcode 60605 adjacent to and south of Zipcode 60601?,yes,no
Is Lycoming County Pennsylvania east of Zipcode 18636?,no,no
Is Caledonia County Vermont northeast of Zipcode 05907?,no,yes
Is West Baton Rouge Parish Louisiana adjacent to and west of Zipcode 70805?,yes,yes
Leflore County Mississippi is inside of Zipcode 38941 correct?,no,yes
Is Burleigh County North Dakota adjacent to and northwest of Zipcode 58577?,no,yes
Is Zipcode 83221 adjacent to and west of Zipcode 83274?,yes,yes
